{"$schema":"http://schema.management.azure.com/schemas/2015-01-01/deploymentTemplate.json#","contentVersion":"1.0.0.0","parameters":{"factoryName":{"type":"string","metadata":"Data Factory name"},"GenAIOps_AzFunc":{"type":"string"}},"variables":{"factoryId":"[concat('Microsoft.DataFactory/factories/', parameters('factoryName'))]"},"resources":[{"name":"[concat(parameters('factoryName'), '/File_Upload')]","type":"Microsoft.DataFactory/factories/pipelines","apiVersion":"2018-06-01","properties":{"activities":[{"name":"Route By Extension","type":"Switch","dependsOn":[{"activity":"Get File Extension","dependencyConditions":["Succeeded"]}],"userProperties":[],"typeProperties":{"on":{"value":"@if(\n    contains(pipeline().parameters.pdf_extensions, variables('extension')), 'PDF', if(\n    contains(pipeline().parameters.non_pdf_extensions, variables('extension')), 'Non-PDF', if(\n    contains(pipeline().parameters.audio_video_extensions, variables('extension')), 'Audio-Video', 'Default'\n)\n)\n)","type":"Expression"},"cases":[{"value":"Non-PDF","activities":[{"name":"Convert Non-PDF","type":"ExecutePipeline","dependsOn":[],"policy":{"secureInput":false},"userProperties":[],"typeProperties":{"pipeline":{"referenceName":"PDF_Conversion","type":"PipelineReference"},"waitOnCompletion":true,"parameters":{"filename":{"value":"@pipeline().parameters.prefix_path","type":"Expression"},"container":{"value":"@pipeline().parameters.source_container","type":"Expression"}}}},{"name":"Set Message Non-PDF","type":"SetVariable","dependsOn":[{"activity":"Convert Non-PDF","dependencyConditions":["Succeeded"]}],"policy":{"secureOutput":false,"secureInput":false},"userProperties":[],"typeProperties":{"variableName":"final_status_message","value":{"value":"@activity('Convert Non-PDF').output.pipelineReturnValue['final_status_message']","type":"Expression"}}},{"name":"Set Status Non-PDF","type":"SetVariable","dependsOn":[{"activity":"Convert Non-PDF","dependencyConditions":["Succeeded"]}],"policy":{"secureOutput":false,"secureInput":false},"userProperties":[],"typeProperties":{"variableName":"status","value":{"value":"@activity('Convert Non-PDF').output.pipelineReturnValue['status']","type":"Expression"}}}]},{"value":"Audio-Video","activities":[{"name":"Ingest AV","type":"ExecutePipeline","dependsOn":[],"policy":{"secureInput":false},"userProperties":[],"typeProperties":{"pipeline":{"referenceName":"AudioVideo_Upload","type":"PipelineReference"},"waitOnCompletion":true,"parameters":{"source_container":{"value":"@pipeline().parameters.source_container","type":"Expression"},"extract_container":{"value":"@pipeline().parameters.extract_container","type":"Expression"},"prefix_path":{"value":"@pipeline().parameters.prefix_path","type":"Expression"},"index_name":{"value":"@pipeline().parameters.index_name","type":"Expression"},"automatically_delete":{"value":"@pipeline().parameters.automatically_delete","type":"Expression"},"analyze_images":{"value":"@pipeline().parameters.analyze_images","type":"Expression"},"overlapping_chunks":{"value":"@pipeline().parameters.overlapping_chunks","type":"Expression"},"chunk_size":{"value":"@pipeline().parameters.chunk_size","type":"Expression"},"overlap":{"value":"@pipeline().parameters.overlap","type":"Expression"}}}},{"name":"Set Status AV","type":"SetVariable","dependsOn":[{"activity":"Ingest AV","dependencyConditions":["Succeeded"]}],"policy":{"secureOutput":false,"secureInput":false},"userProperties":[],"typeProperties":{"variableName":"status","value":{"value":"@activity('Ingest AV').output.pipelineReturnValue['status']","type":"Expression"}}},{"name":"Set Message AV","type":"SetVariable","dependsOn":[{"activity":"Ingest AV","dependencyConditions":["Succeeded"]}],"policy":{"secureOutput":false,"secureInput":false},"userProperties":[],"typeProperties":{"variableName":"final_status_message","value":{"value":"@activity('Ingest AV').output.pipelineReturnValue['final_status_message']","type":"Expression"}}}]},{"value":"PDF","activities":[{"name":"Ingest PDF","type":"ExecutePipeline","dependsOn":[],"policy":{"secureInput":false},"userProperties":[],"typeProperties":{"pipeline":{"referenceName":"PDF_Upload","type":"PipelineReference"},"waitOnCompletion":true,"parameters":{"source_container":{"value":"@pipeline().parameters.source_container","type":"Expression"},"extract_container":{"value":"@pipeline().parameters.extract_container","type":"Expression"},"prefix_path":{"value":"@pipeline().parameters.prefix_path","type":"Expression"},"index_name":{"value":"@pipeline().parameters.index_name","type":"Expression"},"automatically_delete":{"value":"@pipeline().parameters.automatically_delete","type":"Expression"},"analyze_images":{"value":"@pipeline().parameters.analyze_images","type":"Expression"},"overlapping_chunks":{"value":"@pipeline().parameters.overlapping_chunks","type":"Expression"},"chunk_size":{"value":"@pipeline().parameters.chunk_size","type":"Expression"},"overlap":{"value":"@pipeline().parameters.overlap","type":"Expression"}}}},{"name":"Set Message PDF","type":"SetVariable","dependsOn":[{"activity":"Ingest PDF","dependencyConditions":["Succeeded"]}],"policy":{"secureOutput":false,"secureInput":false},"userProperties":[],"typeProperties":{"variableName":"final_status_message","value":{"value":"@activity('Ingest PDF').output.pipelineReturnValue['final_status_message']","type":"Expression"}}},{"name":"Set Status PDF","type":"SetVariable","dependsOn":[{"activity":"Ingest PDF","dependencyConditions":["Succeeded"]}],"policy":{"secureOutput":false,"secureInput":false},"userProperties":[],"typeProperties":{"variableName":"status","value":{"value":"@activity('Ingest PDF').output.pipelineReturnValue['status']","type":"Expression"}}}]}],"defaultActivities":[{"name":"Unsupported File Type","type":"Fail","dependsOn":[],"userProperties":[],"typeProperties":{"message":{"value":"@concat('Unsupported File Type: ', variables('extension'))","type":"Expression"},"errorCode":"500"}}]}},{"name":"Get File Extension","type":"SetVariable","dependsOn":[],"policy":{"secureOutput":false,"secureInput":false},"userProperties":[],"typeProperties":{"variableName":"extension","value":{"value":"@toLower(concat('.', last(array(split(pipeline().parameters.prefix_path, '.')))))","type":"Expression"}}},{"name":"If Ingestion Succeeded","type":"IfCondition","dependsOn":[{"activity":"Route By Extension","dependencyConditions":["Succeeded"]}],"userProperties":[],"typeProperties":{"expression":{"value":"@equals(variables('status'), 'Completed')","type":"Expression"},"ifFalseActivities":[{"name":"Fail Ingestion","type":"Fail","dependsOn":[],"userProperties":[],"typeProperties":{"message":{"value":"@variables('final_status_message')","type":"Expression"},"errorCode":"500"}}]}}],"policy":{"elapsedTimeMetric":{}},"parameters":{"pdf_extensions":{"type":"array","defaultValue":[".pdf"]},"non_pdf_extensions":{"type":"array","defaultValue":[".doc",".docx",".dot",".dotx",".odt",".ott",".fodt",".sxw",".stw",".uot",".rtf",".txt",".xls",".xlsx",".xlsm",".xlt",".xltx",".ods",".ots",".fods",".sxc",".stc",".uos",".csv",".ppt",".pptx",".pps",".ppsx",".pot",".potx",".odp",".otp",".fodp",".sxi",".sti",".uop",".odg",".otg",".fodg",".sxd",".std",".svg",".html",".htm",".xps",".epub"]},"audio_video_extensions":{"type":"array","defaultValue":[".mp3",".mp4",".mpweg",".m4a",".wav",".webm"]},"source_container":{"type":"string","defaultValue":"doc-content"},"extract_container":{"type":"string","defaultValue":"doc-extract"},"prefix_path":{"type":"string","defaultValue":"AOAI_RFP_Notes.docx"},"index_name":{"type":"string","defaultValue":"rksampleindex-20240808193558"},"automatically_delete":{"type":"string","defaultValue":"false"},"analyze_images":{"type":"string","defaultValue":"true"},"overlapping_chunks":{"type":"string","defaultValue":"true"},"chunk_size":{"type":"string","defaultValue":"600"},"overlap":{"type":"string","defaultValue":"200"}},"variables":{"extension":{"type":"String","defaultValue":"pdf"},"status_uri":{"type":"String"},"status":{"type":"String"},"final_status_message":{"type":"String"}},"annotations":[],"lastPublishTime":"2024-08-12T20:32:24Z"},"dependsOn":["[concat(variables('factoryId'), '/pipelines/PDF_Conversion')]","[concat(variables('factoryId'), '/pipelines/AudioVideo_Upload')]","[concat(variables('factoryId'), '/pipelines/PDF_Upload')]"]},{"name":"[concat(parameters('factoryName'), '/PDF_Conversion')]","type":"Microsoft.DataFactory/factories/pipelines","apiVersion":"2018-06-01","properties":{"activities":[{"name":"Convert PDF","type":"AzureFunctionActivity","dependsOn":[],"policy":{"timeout":"0.12:00:00","retry":0,"retryIntervalInSeconds":30,"secureOutput":false,"secureInput":false},"userProperties":[],"typeProperties":{"functionName":"convert_file_to_pdf","body":{"value":"{\n    \"filename\": \"@{pipeline().parameters.filename}\",\n    \"container\": \"@{pipeline().parameters.container}\"\n}","type":"Expression"},"headers":{"Content-Type":"application/json"},"method":"POST"},"linkedServiceName":{"referenceName":"[parameters('GenAIOps_AzFunc')]","type":"LinkedServiceReference"}},{"name":"Set Return Values","type":"SetVariable","dependsOn":[{"activity":"Convert PDF","dependencyConditions":["Succeeded"]}],"policy":{"secureOutput":false,"secureInput":false},"userProperties":[],"typeProperties":{"variableName":"pipelineReturnValue","value":[{"key":"status","value":{"type":"String","content":"Completed"}},{"key":"final_status_message","value":{"type":"Expression","content":"@string(activity('Convert PDF').output)"}}],"setSystemVariable":true}}],"policy":{"elapsedTimeMetric":{}},"parameters":{"filename":{"type":"string"},"container":{"type":"string"}},"annotations":[]},"dependsOn":[]},{"name":"[concat(parameters('factoryName'), '/AudioVideo_Upload')]","type":"Microsoft.DataFactory/factories/pipelines","apiVersion":"2018-06-01","properties":{"activities":[{"name":"Trigger AV Ingestion","type":"AzureFunctionActivity","dependsOn":[],"policy":{"timeout":"0.12:00:00","retry":0,"retryIntervalInSeconds":30,"secureOutput":false,"secureInput":false},"userProperties":[],"typeProperties":{"functionName":"orchestrators/audio_video_orchestrator","body":{"value":"{  \n    \"prefix_path\": \"@{pipeline().parameters.prefix_path}\",  \n    \"source_container\": \"@{pipeline().parameters.source_container}\",  \n    \"extract_container\": \"@{pipeline().parameters.extract_container}\",  \n    \"index_name\": \"@{pipeline().parameters.index_name}\",  \n    \"automatically_delete\": @{pipeline().parameters.automatically_delete},  \n    \"analyze_images\": @{pipeline().parameters.analyze_images},  \n    \"overlapping_chunks\": @{pipeline().parameters.overlapping_chunks},  \n    \"chunk_size\": @{pipeline().parameters.chunk_size},  \n    \"overlap\": @{pipeline().parameters.overlap} \n} ","type":"Expression"},"headers":{"Content-Type":"application/json"},"method":"POST"},"linkedServiceName":{"referenceName":"[parameters('GenAIOps_AzFunc')]","type":"LinkedServiceReference"}},{"name":"Set Status URI-AV","type":"SetVariable","dependsOn":[{"activity":"Trigger AV Ingestion","dependencyConditions":["Succeeded"]}],"policy":{"secureOutput":false,"secureInput":false},"userProperties":[],"typeProperties":{"variableName":"status_uri","value":{"value":"@activity('Trigger AV Ingestion').output['statusQueryGetUri']","type":"Expression"}}},{"name":"Until Ingestion Completion-AV","type":"Until","dependsOn":[{"activity":"Set Status URI-AV","dependencyConditions":["Succeeded"]}],"userProperties":[],"typeProperties":{"expression":{"value":"@or(equals(variables('status'), 'Completed'), equals(variables('status'), 'Failed'))","type":"Expression"},"activities":[{"name":"Get Current Status","type":"WebActivity","dependsOn":[],"policy":{"timeout":"0.12:00:00","retry":0,"retryIntervalInSeconds":30,"secureOutput":false,"secureInput":false},"userProperties":[],"typeProperties":{"method":"GET","headers":{},"url":{"value":"@variables('status_uri')","type":"Expression"}}},{"name":"Update Status","type":"SetVariable","dependsOn":[{"activity":"Get Current Status","dependencyConditions":["Succeeded"]}],"policy":{"secureOutput":false,"secureInput":false},"userProperties":[],"typeProperties":{"variableName":"status","value":{"value":"@activity('Get Current Status').output['runtimeStatus']","type":"Expression"}}},{"name":"Wait 10 Seconds","type":"Wait","dependsOn":[{"activity":"Update Status","dependencyConditions":["Succeeded"]}],"userProperties":[],"typeProperties":{"waitTimeInSeconds":10}}],"timeout":"0.12:00:00"}},{"name":"Set Final Status Message-AV","type":"SetVariable","dependsOn":[{"activity":"Until Ingestion Completion-AV","dependencyConditions":["Succeeded"]}],"policy":{"secureOutput":false,"secureInput":false},"userProperties":[],"typeProperties":{"variableName":"final_status_message","value":{"value":"@string(activity('Get Current Status').output['output'])","type":"Expression"}}},{"name":"Set Return Variables","type":"SetVariable","dependsOn":[{"activity":"Set Final Status Message-AV","dependencyConditions":["Succeeded"]}],"policy":{"secureOutput":false,"secureInput":false},"userProperties":[],"typeProperties":{"variableName":"pipelineReturnValue","value":[{"key":"final_status_message","value":{"type":"Expression","content":"@variables('final_status_message')"}},{"key":"status","value":{"type":"Expression","content":"@variables('status')"}}],"setSystemVariable":true}}],"policy":{"elapsedTimeMetric":{}},"parameters":{"source_container":{"type":"string"},"extract_container":{"type":"string"},"prefix_path":{"type":"string"},"index_name":{"type":"string"},"automatically_delete":{"type":"string"},"analyze_images":{"type":"string"},"overlapping_chunks":{"type":"string"},"chunk_size":{"type":"string"},"overlap":{"type":"string"}},"variables":{"status_uri":{"type":"String"},"status":{"type":"String"},"final_status_message":{"type":"String"}},"annotations":[]},"dependsOn":[]},{"name":"[concat(parameters('factoryName'), '/PDF_Upload')]","type":"Microsoft.DataFactory/factories/pipelines","apiVersion":"2018-06-01","properties":{"activities":[{"name":"Trigger PDF Ingestion","type":"AzureFunctionActivity","dependsOn":[],"policy":{"timeout":"0.12:00:00","retry":0,"retryIntervalInSeconds":30,"secureOutput":false,"secureInput":false},"userProperties":[],"typeProperties":{"functionName":"orchestrators/pdf_orchestrator","body":{"value":"{  \n    \"prefix_path\": \"@{pipeline().parameters.prefix_path}\",  \n    \"source_container\": \"@{pipeline().parameters.source_container}\",  \n    \"extract_container\": \"@{pipeline().parameters.extract_container}\",  \n    \"index_name\": \"@{pipeline().parameters.index_name}\",  \n    \"automatically_delete\": @{pipeline().parameters.automatically_delete},  \n    \"analyze_images\": @{pipeline().parameters.analyze_images},  \n    \"overlapping_chunks\": @{pipeline().parameters.overlapping_chunks},  \n    \"chunk_size\": @{pipeline().parameters.chunk_size},  \n    \"overlap\": @{pipeline().parameters.overlap} \n} ","type":"Expression"},"headers":{"Content-Type":"application/json"},"method":"POST"},"linkedServiceName":{"referenceName":"[parameters('GenAIOps_AzFunc')]","type":"LinkedServiceReference"}},{"name":"Set Status URI-PDF","type":"SetVariable","dependsOn":[{"activity":"Trigger PDF Ingestion","dependencyConditions":["Succeeded"]}],"policy":{"secureOutput":false,"secureInput":false},"userProperties":[],"typeProperties":{"variableName":"status_uri","value":{"value":"@activity('Trigger PDF Ingestion').output['statusQueryGetUri']","type":"Expression"}}},{"name":"Until Ingestion Completion-PDF","type":"Until","dependsOn":[{"activity":"Set Status URI-PDF","dependencyConditions":["Succeeded"]}],"userProperties":[],"typeProperties":{"expression":{"value":"@or(equals(variables('status'), 'Completed'), equals(variables('status'), 'Failed'))","type":"Expression"},"activities":[{"name":"Get Current Status","type":"WebActivity","dependsOn":[],"policy":{"timeout":"0.12:00:00","retry":0,"retryIntervalInSeconds":30,"secureOutput":false,"secureInput":false},"userProperties":[],"typeProperties":{"method":"GET","headers":{},"url":{"value":"@variables('status_uri')","type":"Expression"}}},{"name":"Update Status","type":"SetVariable","dependsOn":[{"activity":"Get Current Status","dependencyConditions":["Succeeded"]}],"policy":{"secureOutput":false,"secureInput":false},"userProperties":[],"typeProperties":{"variableName":"status","value":{"value":"@activity('Get Current Status').output['runtimeStatus']","type":"Expression"}}},{"name":"Wait 10 Seconds","type":"Wait","dependsOn":[{"activity":"Update Status","dependencyConditions":["Succeeded"]}],"userProperties":[],"typeProperties":{"waitTimeInSeconds":10}}],"timeout":"0.12:00:00"}},{"name":"Set Final Status Message-PDF","type":"SetVariable","dependsOn":[{"activity":"Until Ingestion Completion-PDF","dependencyConditions":["Succeeded"]}],"policy":{"secureOutput":false,"secureInput":false},"userProperties":[],"typeProperties":{"variableName":"final_status_message","value":{"value":"@string(activity('Get Current Status').output['output'])","type":"Expression"}}},{"name":"Set Return Values","type":"SetVariable","dependsOn":[{"activity":"Set Final Status Message-PDF","dependencyConditions":["Succeeded"]}],"policy":{"secureOutput":false,"secureInput":false},"userProperties":[],"typeProperties":{"variableName":"pipelineReturnValue","value":[{"key":"final_status_message","value":{"type":"Expression","content":"@variables('final_status_message')"}},{"key":"status","value":{"type":"Expression","content":"@variables('status')"}}],"setSystemVariable":true}}],"policy":{"elapsedTimeMetric":{}},"parameters":{"source_container":{"type":"string"},"extract_container":{"type":"string"},"prefix_path":{"type":"string"},"index_name":{"type":"string"},"automatically_delete":{"type":"string"},"analyze_images":{"type":"string"},"overlapping_chunks":{"type":"string"},"chunk_size":{"type":"string"},"overlap":{"type":"string"}},"variables":{"status_uri":{"type":"String"},"status":{"type":"String"},"final_status_message":{"type":"String"}},"annotations":[]},"dependsOn":[]}]}