{"$schema":"http://schema.management.azure.com/schemas/2015-01-01/deploymentTemplate.json#","contentVersion":"1.0.0.0","parameters":{"factoryName":{"type":"string","metadata":"Data Factory name"},"GenAIOps_AzFunc":{"type":"string"}},"variables":{"factoryId":"[concat('Microsoft.DataFactory/factories/', parameters('factoryName'))]"},"resources":[{"name":"[concat(parameters('factoryName'), '/Create_Index')]","type":"Microsoft.DataFactory/factories/pipelines","apiVersion":"2018-06-01","properties":{"activities":[{"name":"Create Index","type":"AzureFunctionActivity","dependsOn":[],"policy":{"timeout":"0.12:00:00","retry":0,"retryIntervalInSeconds":30,"secureOutput":false,"secureInput":false},"userProperties":[],"typeProperties":{"functionName":"create_new_index","body":{"value":"{\n    \"dimensions\": @{pipeline().parameters.dimensions},\n    \"fields\": @{pipeline().parameters.fields},\n    \"index_stem_name\": \"@{pipeline().parameters.index_stem_name}\"\n}","type":"Expression"},"headers":{},"method":"POST"},"linkedServiceName":{"referenceName":"[parameters('GenAIOps_AzFunc')]","type":"LinkedServiceReference"}}],"policy":{"elapsedTimeMetric":{}},"parameters":{"index_stem_name":{"type":"string","defaultValue":"test-index"},"fields":{"type":"object","defaultValue":{"content":"string","pagenumber":"int","sourcefile":"string","sourcepage":"string","category":"string","entra_id":"string","session_id":"string"}},"dimensions":{"type":"int","defaultValue":3072}},"annotations":[]},"dependsOn":[]}]}