{"$schema":"http://schema.management.azure.com/schemas/2015-01-01/deploymentTemplate.json#","contentVersion":"1.0.0.0","parameters":{"factoryName":{"type":"string","metadata":"Data Factory name"},"GenAIOps_AzFunc":{"type":"string"}},"variables":{"factoryId":"[concat('Microsoft.DataFactory/factories/', parameters('factoryName'))]"},"resources":[{"name":"[concat(parameters('factoryName'), '/Non_PDF_Upload')]","type":"Microsoft.DataFactory/factories/pipelines","apiVersion":"2018-06-01","properties":{"activities":[{"name":"Trigger Non-PDF Ingestion","type":"AzureFunctionActivity","dependsOn":[],"policy":{"timeout":"0.12:00:00","retry":0,"retryIntervalInSeconds":30,"secureOutput":false,"secureInput":false},"userProperties":[],"typeProperties":{"functionName":"orchestrators/non_pdf_orchestrator","body":{"value":"{  \n    \"prefix_path\": \"@{pipeline().parameters.prefix_path}\",  \n    \"source_container\": \"@{pipeline().parameters.source_container}\",  \n    \"extract_container\": \"@{pipeline().parameters.extract_container}\",  \n    \"index_name\": \"@{pipeline().parameters.index_name}\",  \n    \"automatically_delete\": @{pipeline().parameters.automatically_delete},  \n    \"analyze_images\": @{pipeline().parameters.analyze_images},  \n    \"overlapping_chunks\": @{pipeline().parameters.overlapping_chunks},  \n    \"chunk_size\": @{pipeline().parameters.chunk_size},  \n    \"overlap\": @{pipeline().parameters.overlap} \n} ","type":"Expression"},"headers":{"Content-Type":"application/json"},"method":"POST"},"linkedServiceName":{"referenceName":"[parameters('GenAIOps_AzFunc')]","type":"LinkedServiceReference"}},{"name":"Set Status URI Non-PDF","type":"SetVariable","dependsOn":[{"activity":"Trigger Non-PDF Ingestion","dependencyConditions":["Succeeded"]}],"policy":{"secureOutput":false,"secureInput":false},"userProperties":[],"typeProperties":{"variableName":"status_uri","value":{"value":"@activity('Trigger Non-PDF Ingestion').output['statusQueryGetUri']","type":"Expression"}}},{"name":"Until Ingestion Completion-PDF","type":"Until","dependsOn":[{"activity":"Set Status URI Non-PDF","dependencyConditions":["Succeeded"]}],"userProperties":[],"typeProperties":{"expression":{"value":"@or(equals(variables('status'), 'Completed'), equals(variables('status'), 'Failed'))","type":"Expression"},"activities":[{"name":"Get Current Status","type":"WebActivity","dependsOn":[],"policy":{"timeout":"0.12:00:00","retry":0,"retryIntervalInSeconds":30,"secureOutput":false,"secureInput":false},"userProperties":[],"typeProperties":{"method":"GET","headers":{},"url":{"value":"@variables('status_uri')","type":"Expression"}}},{"name":"Update Status","type":"SetVariable","dependsOn":[{"activity":"Get Current Status","dependencyConditions":["Succeeded"]}],"policy":{"secureOutput":false,"secureInput":false},"userProperties":[],"typeProperties":{"variableName":"status","value":{"value":"@activity('Get Current Status').output['runtimeStatus']","type":"Expression"}}},{"name":"Wait 10 Seconds","type":"Wait","dependsOn":[{"activity":"Update Status","dependencyConditions":["Succeeded"]}],"userProperties":[],"typeProperties":{"waitTimeInSeconds":10}}],"timeout":"0.12:00:00"}},{"name":"Set Final Status Message-PDF","type":"SetVariable","dependsOn":[{"activity":"Until Ingestion Completion-PDF","dependencyConditions":["Succeeded"]}],"policy":{"secureOutput":false,"secureInput":false},"userProperties":[],"typeProperties":{"variableName":"final_status_message","value":{"value":"@string(activity('Get Current Status').output['output'])","type":"Expression"}}},{"name":"Set Return Variables","type":"SetVariable","dependsOn":[{"activity":"Set Final Status Message-PDF","dependencyConditions":["Succeeded"]}],"policy":{"secureOutput":false,"secureInput":false},"userProperties":[],"typeProperties":{"variableName":"pipelineReturnValue","value":[{"key":"final_status_message","value":{"type":"Expression","content":"@variables('final_status_message')"}},{"key":"status","value":{"type":"Expression","content":"@variables('status')"}}],"setSystemVariable":true}}],"policy":{"elapsedTimeMetric":{}},"parameters":{"source_container":{"type":"string"},"extract_container":{"type":"string"},"prefix_path":{"type":"string"},"index_name":{"type":"string"},"automatically_delete":{"type":"string"},"analyze_images":{"type":"string"},"overlapping_chunks":{"type":"string"},"chunk_size":{"type":"string"},"overlap":{"type":"string"}},"variables":{"status_uri":{"type":"String"},"status":{"type":"String"},"final_status_message":{"type":"String"}},"annotations":[]},"dependsOn":[]}]}