{"$schema":"http://schema.management.azure.com/schemas/2015-01-01/deploymentTemplate.json#","contentVersion":"1.0.0.0","parameters":{"factoryName":{"type":"string","metadata":"Data Factory name"},"JoeGPT_Ingestion_Functions":{"type":"string"}},"variables":{"factoryId":"[concat('Microsoft.DataFactory/factories/', parameters('factoryName'))]"},"resources":[{"name":"[concat(parameters('factoryName'), '/Create_QnA_Pairs')]","type":"Microsoft.DataFactory/factories/pipelines","apiVersion":"2018-06-01","properties":{"activities":[{"name":"Trigger QnA Pair Generation","type":"AzureFunctionActivity","dependsOn":[],"policy":{"timeout":"0.12:00:00","retry":0,"retryIntervalInSeconds":30,"secureOutput":false,"secureInput":false},"userProperties":[],"typeProperties":{"functionName":"orchestrators/qna_pair_generation_orchestrator","body":{"value":"{  \n    \"extract_container\": \"@{pipeline().parameters.extract_container}\",  \n    \"prefix_path\": \"@{pipeline().parameters.prefix_path}\",\n    \"target_pair_count\": @{pipeline().parameters.target_pair_count}\n} ","type":"Expression"},"headers":{"Content-Type":"application/json"},"method":"POST"},"linkedServiceName":{"referenceName":"[parameters('JoeGPT_Ingestion_Functions')]","type":"LinkedServiceReference"}},{"name":"Set Status URI","type":"SetVariable","dependsOn":[{"activity":"Trigger QnA Pair Generation","dependencyConditions":["Succeeded"]}],"policy":{"secureOutput":false,"secureInput":false},"userProperties":[],"typeProperties":{"variableName":"status_uri","value":{"value":"@activity('Trigger QnA Pair Generation').output['statusQueryGetUri']","type":"Expression"}}},{"name":"Until Sync Completion","type":"Until","dependsOn":[{"activity":"Set Status URI","dependencyConditions":["Succeeded"]}],"userProperties":[],"typeProperties":{"expression":{"value":"@or(equals(variables('status'), 'Completed'), equals(variables('status'), 'Failed'))","type":"Expression"},"activities":[{"name":"Get Current Status","type":"WebActivity","dependsOn":[],"policy":{"timeout":"0.12:00:00","retry":0,"retryIntervalInSeconds":30,"secureOutput":false,"secureInput":false},"userProperties":[],"typeProperties":{"method":"GET","headers":{},"url":{"value":"@variables('status_uri')","type":"Expression"},"connectVia":{"referenceName":"JoeGPTSHIR001","type":"IntegrationRuntimeReference"}}},{"name":"Update Status","type":"SetVariable","dependsOn":[{"activity":"Get Current Status","dependencyConditions":["Succeeded"]}],"policy":{"secureOutput":false,"secureInput":false},"userProperties":[],"typeProperties":{"variableName":"status","value":{"value":"@activity('Get Current Status').output['runtimeStatus']","type":"Expression"}}},{"name":"Wait 10 Seconds","type":"Wait","dependsOn":[{"activity":"Update Status","dependencyConditions":["Succeeded"]}],"userProperties":[],"typeProperties":{"waitTimeInSeconds":10}}],"timeout":"0.12:00:00"}},{"name":"Set Final Status Message","type":"SetVariable","dependsOn":[{"activity":"Until Sync Completion","dependencyConditions":["Succeeded"]}],"policy":{"secureOutput":false,"secureInput":false},"userProperties":[],"typeProperties":{"variableName":"final_status_message","value":{"value":"@string(activity('Get Current Status').output['output'])","type":"Expression"}}},{"name":"Set Return Values","type":"SetVariable","dependsOn":[{"activity":"Set Final Status Message","dependencyConditions":["Succeeded"]}],"policy":{"secureOutput":false,"secureInput":false},"userProperties":[],"typeProperties":{"variableName":"pipelineReturnValue","value":[{"key":"final_status_message","value":{"type":"Expression","content":"@variables('final_status_message')"}},{"key":"status","value":{"type":"Expression","content":"@variables('status')"}}],"setSystemVariable":true}}],"policy":{"elapsedTimeMetric":{}},"parameters":{"extract_container":{"type":"string","defaultValue":"test-index"},"prefix_path":{"type":"string"},"target_pair_count":{"type":"int","defaultValue":15}},"variables":{"status_uri":{"type":"String"},"status":{"type":"String"},"final_status_message":{"type":"String"}},"annotations":[],"lastPublishTime":"2024-09-17T22:33:44Z"},"dependsOn":[]}]}