{"$schema":"http://schema.management.azure.com/schemas/2015-01-01/deploymentTemplate.json#","contentVersion":"1.0.0.0","parameters":{"factoryName":{"type":"string","metadata":"Data Factory name"},"GenAIOps_AzFunc":{"type":"string"}},"variables":{"factoryId":"[concat('Microsoft.DataFactory/factories/', parameters('factoryName'))]"},"resources":[{"name":"[concat(parameters('factoryName'), '/PDF_Conversion')]","type":"Microsoft.DataFactory/factories/pipelines","apiVersion":"2018-06-01","properties":{"activities":[{"name":"Convert PDF","type":"AzureFunctionActivity","dependsOn":[],"policy":{"timeout":"0.12:00:00","retry":0,"retryIntervalInSeconds":30,"secureOutput":false,"secureInput":false},"userProperties":[],"typeProperties":{"functionName":"convert_file_to_pdf","body":{"value":"{\n    \"filename\": \"@{pipeline().parameters.filename}\",\n    \"container\": \"@{pipeline().parameters.container}\"\n}","type":"Expression"},"headers":{"Content-Type":"application/json"},"method":"POST"},"linkedServiceName":{"referenceName":"[parameters('GenAIOps_AzFunc')]","type":"LinkedServiceReference"}},{"name":"Set Return Values","type":"SetVariable","dependsOn":[{"activity":"Convert PDF","dependencyConditions":["Succeeded"]}],"policy":{"secureOutput":false,"secureInput":false},"userProperties":[],"typeProperties":{"variableName":"pipelineReturnValue","value":[{"key":"status","value":{"type":"String","content":"Completed"}},{"key":"final_status_message","value":{"type":"Expression","content":"@string(activity('Convert PDF').output)"}}],"setSystemVariable":true}}],"policy":{"elapsedTimeMetric":{}},"parameters":{"filename":{"type":"string"},"container":{"type":"string"}},"annotations":[]},"dependsOn":[]}]}